rsid	trait	gene	or_or_beta	p_value	risk_allele
rs174547	Phosphatidylcholine diacyl C34:4 levels	FADS1, FADS2	19.994	6e-89	rs174547-T
rs2287921	Human milk oligosaccharide concentration (2'-fucosyllactose)	RASIP1	19.959	1e-88	rs2287921-T
rs10228521	Ascending aorta minimum area	ELN - LIMK1	19.93	6e-10	rs10228521-?
rs577351796	Descending aorta minimum area	TBC1D12	19.9	6e-11	rs577351796-?
rs59373415	Cortical surface area	LINC01364 - RNA5SP52	19.890635	2e-11	rs59373415-C
rs6657854	Lung function (FVC)	LINC02817 - DUSP10	19.89	1e-08	rs6657854-A
rs8177253	Iron status biomarkers	ACSL3P1, TF	19.86	2e-47	rs8177253-T
rs12046746	Lung function (FVC)	LINC02817 - DUSP10	19.81	1e-08	rs12046746-C
rs59441182	Tuberculosis x mycobacterium tuberculosis lineage interaction	LMCD1-AS1	19.79	3e-08	rs59441182-?
rs7980991	Cortical surface area	RPL31P10 - SRP14P1	19.776712	9e-09	rs7980991-A
rs174546	Phosphatidylcholine acyl-alkyl C36:4 levels	FADS1, FADS2	19.763	6e-87	rs174546-C
rs10043782	Ascending aorta minimum area	ELL2	19.76	4e-09	rs10043782-?
rs1861435	Vertex-wise cortical surface area	STRN	19.73	1e-86	rs1861435-A
rs80263879	Static spatial working memory	EPHX2	19.73	2e-09	rs80263879-?
rs646026	Body composition (MOSTest)	FGF9 - RN7SL766P	19.7	2e-86	rs646026-?
rs370408735	Ascending aorta minimum area	ULK4	19.69	6e-12	rs370408735-?
rs185502387	Hypertrophic cardiomyopathy	MS4A4A - MS4A6E	19.6852	2e-13	rs185502387-G
rs13021393	Vertex-wise cortical thickness	VIT - STRN	19.67	4e-86	rs13021393-A
rs281379	Human milk oligosaccharide concentration (lacto-N-fucopentaose-II)	FUT2 - MAMSTR	19.662	5e-86	rs281379-A
rs192218160	Cancer antigen 125 levels	ATP6V0D2 - SLC7A13	19.6488	7e-16	rs192218160-C
rs662138	Butyrylcarnitine levels	SLC22A1	19.645	6e-86	rs662138-C
rs189813952	Clonal hematopoiesis (mutational barcode method)	ANKRD7 - GTF3AP6	19.632769	4e-08	rs189813952-A
rs1077989	Phosphatidylcholine acyl-alkyl C32:1 levels	TMEM229B	19.631	8e-86	rs1077989-A
rs146727842	Retinal thickness (functional principal component 5)	FGFR2 - ATE1	19.6196	1e-20	rs146727842-TTAGA
rs547906222	Ascending aorta minimum area	ULK4	19.6	6e-10	rs547906222-?
rs751611955	Nephrotic syndrome	MIR3672 - TPT1P13	19.594	2e-08	rs751611955-A
rs7678928	Valine levels	PPM1K-DT	19.575	3e-85	rs7678928-T
rs73313052	Cortical surface area	LINC01500	19.574673	6e-36	rs73313052-A
rs72931748	Ascending aorta minimum area	FGF3 - ANO1	19.57	6e-10	rs72931748-?
rs838145	Human milk oligosaccharide concentration (2'-fucosyllactose)	IZUMO1	19.561	3e-85	rs838145-A
rs2182601	Retinal thickness (functional principal component 3)	ADGRL2	19.5461	1e-13	rs2182601-T
rs1229984	Alcohol use disorder	ADH1B	19.54	5e-85	rs1229984-C
rs532784633	Platelet count	MPL	19.53	3e-09	rs532784633-T
rs281379	Total concentration of 19 human milk oligosaccharides	FUT2 - MAMSTR	19.507	1e-84	rs281379-A
rs516246	Human milk oligosaccharide concentration (fucodisialyllacto-N-hexaose)	FUT2	19.501	1e-84	rs516246-T
rs11573824	Serum alkaline phosphatase levels	TNFRSF11B	19.5	1e-84	rs11573824-T
rs547040680	Sex hormone-binding globulin levels	KDM6B	19.5	2e-89	rs547040680-G
rs12699998	Vertex-wise sulcal depth	HDAC9	19.48	2e-84	rs12699998-G
rs2052074	Retinal thickness (functional principal component 4)	BCAS3-AS1, BCAS3	19.4773	2e-11	rs2052074-G
rs4637120	Vertex-wise sulcal depth	KCNS3 - RDH14	19.47	2e-84	rs4637120-T
rs766982432	Glucosuria	HNF1A	19.461	3e-13	rs766982432-G
rs71445892	Retinal thickness (functional principal component 3)	BICD1	19.4327	6e-13	rs71445892-TAA
rs12193446	Spherical equivalent or myopia (age of diagnosis)	LAMA2	19.431	4e-84	rs12193446-A
rs12374063	Vertex-wise cortical surface area	EZRP1 - ALCAM	19.43	5e-84	rs12374063-A
rs16926921	Retinal thickness (functional principal component 3)	SOX5	19.4283	5e-11	rs16926921-C
rs715	Serine levels	CPS1	19.411	6e-84	rs715-C
rs13315366	Retinal thickness (functional principal component 6)	ABCF3 - VWA5B2	19.4049	9e-21	rs13315366-T
rs151193009	Total cholesterol levels	PCSK9	19.4039	8e-14	rs151193009-T
rs12794347	Cortical surface area	LINC02550	19.397556	1e-08	rs12794347-A
rs9911167	Vertex-wise sulcal depth	ANKRD13B, ABHD15-AS1	19.36	2e-83	rs9911167-C
rs34525052	Moyamoya disease	STK33	19.36	3e-08	rs34525052-G
rs492602	Human milk oligosaccharide concentration (fucodisialyllacto-N-hexaose)	FUT2	19.354	2e-83	rs492602-A
rs7090277	Lung function (FEV1/FVC)	CDC123	19.354	2e-83	rs7090277-A
rs601338	Human milk oligosaccharide concentration (fucodisialyllacto-N-hexaose)	FUT2	19.353	2e-83	rs601338-A
rs11894344	Severe influenza A (H1N1) infection	FIGLA - HMGN2P21	19.35	2e-09	rs11894344-?
rs174555	Phosphatidylcholine diacyl C36:3 levels	FADS1, FADS2	19.347	2e-83	rs174555-C
rs679574	Human milk oligosaccharide concentration (fucodisialyllacto-N-hexaose)	FUT2	19.337	3e-83	rs679574-C
rs561980690	Pulse pressure	PAX2	19.3105	7e-29	rs561980690-A
rs1171617	Butyrylcarnitine levels	SLC16A9	19.297	6e-83	rs1171617-T
rs75341124	Cortical surface area	DAAM1	19.28508	3e-12	rs75341124-T
rs77956314	Dentate gyrus molecular layer volume	HRK - RPL36P15	19.27	2e-25	rs77956314-C
rs6097618	Vertex-wise sulcal depth	RNU7-14P - SUMO1P1	19.27	9e-83	rs6097618-C
rs681343	Human milk oligosaccharide concentration (fucodisialyllacto-N-hexaose)	FUT2	19.26	1e-82	rs681343-T
rs17280293	Lung function (FEV1/FVC)	ADGRG6	19.259	1e-82	rs17280293-A
rs10828247	Vertex-wise sulcal depth	MLLT10	19.25	1e-82	rs10828247-G
rs72939920	Hexadecanoylcarnitine levels	SLC22A16	19.235	2e-82	rs72939920-A
rs651821	Triglyceride levels	APOA5	19.23	1e-300	rs651821-C
rs74701635	Systolic blood pressure x smoking status (current vs non-current) inte	MED30 - EXT1	19.2	2e-09	rs74701635-T
rs2251746	IgE levels	FCER1A	19.2	2e-20	rs2251746-C
rs10230207	Vertex-wise cortical thickness	FERD3L - POLR1F	19.18	6e-82	rs10230207-G
rs7412	Low density lipoprotein cholesterol levels	APOE	19.17228	1e-209	rs7412-?
rs9399245	Cortical surface area	NHSL1	19.166681	1e-15	rs9399245-T
rs11949029	LDL x low social support interaction (1df test)	LSM1P2 - LINC03000	19.1628	4e-08	rs11949029-A
rs192385957	Cancer antigen 125 levels	GPM6A	19.1613	4e-15	rs192385957-A
rs3861289	Metastasis in stage I-III microsatellite instability low/stable colore	RIT2	19.16	5e-08	rs3861289-A
rs199525	Lung function (FEV1)	WNT3	19.16	2e-08	rs199525-T
rs6902316	Lipoprotein (a) levels	LPAL2	19.15	4e-29	rs6902316-G
rs79944011	Systolic blood pressure response to thiazide and thiazide-like diureti	SLC35B4 - LINC03060	19.13	5e-08	rs79944011-A
rs2287921	Human milk oligosaccharide concentration (Fucose-bound)	RASIP1	19.095	3e-81	rs2287921-T
rs12620170	Lung function (FEV1/FVC)	LINC01807	19.084	3e-81	rs12620170-T
rs17201864	Metastasis in stage I-III microsatellite instability low/stable colore	HAPLN3	19.06	2e-08	rs17201864-T
rs202200760	Sex hormone-binding globulin levels	NR2F6	19.04	8e-81	rs202200760-?
rs12636275	Edge-level brain connectivity (multivariate analysis)	EPHA3	19.022228	1e-80	rs12636275-C
rs201654520	Cardiovascular disease	CACNB4	19.02	4e-08	rs201654520-C
rs3020595	Retinal thickness (functional principal component 4)	NBL1, MICOS10-NBL1	19.003	6e-13	rs3020595-G
rs102275	Phosphatidylcholine diacyl C40:4 levels	TMEM258	18.99	2e-80	rs102275-T
rs34676647	Retinal thickness (functional principal component 6)	CPLX4	18.9697	8e-18	rs34676647-A
rs9533603	Retinal thickness (functional principal component 5)	ENOX1	18.9534	2e-19	rs9533603-A
rs12257242	Vertex-wise sulcal depth	VSTM4	18.93	6e-80	rs12257242-G
rs111653425	Estimated glomerular filtration rate (creatinine)	SLC47A1	18.905	1e-79	rs111653425-T
rs4575545	Serum alkaline phosphatase levels	MAFTRR, LINC01229	18.9	8e-80	rs4575545-A
rs1260326	Serum alkaline phosphatase levels	GCKR	18.9	1e-79	rs1260326-T
rs111907575	Retinal thickness (functional principal component 3)	CHLSN, GPR146	18.8836	3e-09	rs111907575-AT
rs12513481	Lung function (FEV1)	AP3B1	18.87	9e-09	rs12513481-?
rs2279830	Cortical surface area	ZIC4	18.86849	9e-18	rs2279830-T
rs117672662	Platelet count	ACTN1	18.86567	4e-42	rs117672662-?
rs199525	Lung function (FEV1)	WNT3	18.85	1e-09	rs199525-T
rs174578	Phosphatidylcholine diacyl C40:5 levels	FADS2	18.842	3e-79	rs174578-T
rs1065853	Low density lipoprotein cholesterol levels	APOE - APOC1	18.84085	8e-206	rs1065853-?
rs4442490	Response to gabapentin in female chronic pelvic pain	NRG3	18.82	2e-08	rs4442490-T
rs77931234	Hexanoylcarnitine levels	ACADM	18.804	7e-79	rs77931234-G
rs6743531	Vertex-wise cortical surface area	LINC02934	18.79	1e-78	rs6743531-G
rs6054759	Vertex-wise sulcal depth	BMP2 - LINC01428	18.76	1e-78	rs6054759-C
rs17428174	Retinal thickness (functional principal component 4)	METAP1D	18.7551	2e-13	rs17428174-C
rs115877304	Vertex-wise cortical thickness	NR2F1-AS1	18.73	3e-78	rs115877304-T
rs10779158	Lung function (FVC)	LINC02820	18.72	2e-08	rs10779158-A
rs964184	Triglyceride levels	ZPR1	18.69	8e-30	rs964184-C
rs11589479	Vertex-wise sulcal depth	ADAM15	18.69	6e-78	rs11589479-A
rs602662	Human milk oligosaccharide concentration (fucodisialyllacto-N-hexaose)	FUT2	18.683	7e-78	rs602662-A
rs13066753	Vertex-wise cortical thickness	GMNC - OSTN	18.66	1e-77	rs13066753-T
rs1023741	Metastasis in stage I-III microsatellite instability low/stable colore	PIK3AP1	18.64	4e-08	rs1023741-C
rs11024102	Retinal thickness (functional principal component 4)	PLEKHA7	18.6335	1e-14	rs11024102-C
rs11070197	Cortical surface area	LINC02915 - THBS1	18.614143	3e-09	rs11070197-T
rs12771055	Ascending aorta minimum area	NOC3L	18.61	4e-14	rs12771055-?
rs9526214	Vertex-wise sulcal depth	LRCH1	18.59	4e-77	rs9526214-T
rs485186	Human milk oligosaccharide concentration (fucodisialyllacto-N-hexaose)	FUT2	18.581	5e-77	rs485186-A
rs187680191	Diastolic blood pressure	NRG4	18.580683	3e-09	rs187680191-T
rs8137282	Ascending aorta maximum area	CCDC134	18.58	1e-08	rs8137282-C
rs185900475	Urinary microalbumin levels	CNTNAP2	18.5795	2e-08	rs185900475-?
rs70993900	Pemphigus vulgaris	HLA-DRB1 - HLA-DQA1	18.57	1e-45	rs70993900-?
rs7650184	Vertex-wise cortical surface area	EPHA3	18.57	6e-77	rs7650184-A
rs72722993	Cortical surface area	LINC02915 - THBS1	18.568693	9e-15	rs72722993-A
rs148397504	Resting heart rate	RNA5-8SP7 - LINC00658	18.537754	3e-09	rs148397504-A
rs603985	Human milk oligosaccharide concentration (fucodisialyllacto-N-hexaose)	FUT2	18.534	1e-76	rs603985-T
rs76346957	Moyamoya disease	ZBTB40 - EPHA8	18.53	4e-08	rs76346957-C
rs2287921	Human milk oligosaccharide concentration (lacto-N-fucopentaose-I)	RASIP1	18.528	1e-76	rs2287921-T
rs687339	Sex hormone-binding globulin levels	RPL31P23 - PCCB	18.523	1e-76	rs687339-?
rs28392483	LDL x low social support interaction (2df test)	IGBP1P5 - RN7SL101P	18.51	8e-10	rs28392483-A
rs7502307	Vertex-wise sulcal depth	C17orf58	18.48	3e-76	rs7502307-G
rs4805881	Body composition (MOSTest)	PEPD	18.47	3e-76	rs4805881-?
rs72654473	LDL cholesterol levels	APOE - APOC1	18.4648	3e-98	rs72654473-A
rs838145	Human milk oligosaccharide concentration (Fucose-bound)	IZUMO1	18.42	9e-76	rs838145-A
rs188053687	Urinary microalbumin levels	ZCCHC17	18.4059	4e-08	rs188053687-?
rs771924	Lung function (FVC)	RNA5SP279 - SMARCA2	18.4	7e-09	rs771924-A
rs2954021	Alanine aminotransferase levels	TRIB1AL	18.4	2e-75	rs2954021-A
rs10520129	Cortical surface area	LINC02915 - THBS1	18.391289	6e-17	rs10520129-A
rs147010904	Lipoprotein(a) levels adjusted for apolipoprotein(a) isoforms	SLC22A2	18.38	9e-20	rs147010904-T
rs1473330598	Urinary microalbumin levels	YTHDC2 - KCNN2	18.3707	3e-08	rs1473330598-?
rs9345124	Vertex-wise cortical surface area	MAP3K7 - MIR4643	18.36	3e-75	rs9345124-C
rs4591362	Lung function (FEV1/FVC)	LINC01940 - HDAC4	18.36	3e-75	rs4591362-A
rs6840242	Cortical surface area	TOX4P1 - NEUROG2	18.345873	4e-10	rs6840242-T
rs191146367	Pulse pressure	RNU4-45P - MAPK6P2	18.3404	1e-30	rs191146367-G
rs632111	Human milk oligosaccharide concentration (fucodisialyllacto-N-hexaose)	FUT2	18.339	4e-75	rs632111-A
rs62462688	Estimated glomerular filtration rate (creatinine)	PHTF2	18.334	4e-75	rs62462688-T
rs4237723	HOMA-B (corrected for HOMA-IR)	PARVA - TEAD1	18.33	5e-08	rs4237723-?
rs34969	Cortical surface area	PCBP2P3 - LDHBP3	18.323107	2e-09	rs34969-T
rs542914466	Systemic lupus erythematosus	UQCRHP1 - AIF1	18.321	2e-37	rs542914466-A
rs150155092	Systolic blood pressure x smoking status (current vs non-current) inte	ADARB2	18.32	7e-09	rs150155092-?
rs1017303584	Urinary microalbumin levels	PPM1H	18.3122	2e-09	rs1017303584-?
rs4702	Vertex-wise sulcal depth	FURIN	18.31	7e-75	rs4702-G
rs8067511	Lung function (FVC)	MED1 - CDK12	18.3	1e-08	rs8067511-T
rs11669334	Vertex-wise sulcal depth	RNA5SP471 - RNU6-967P	18.29	9e-75	rs11669334-T
rs10917344	Retinal thickness (functional principal component 5)	TEX46	18.2511	1e-20	rs10917344-C
rs2033939	Cortical surface area	LINC02915 - THBS1	18.21615	8e-23	rs2033939-A
rs116542696	Estimated glomerular filtration rate based on creatinine and cystatin 	CST3	18.2159	9e-09	rs116542696-?
rs7594794	Vertex-wise sulcal depth	LYPD6B	18.2	5e-74	rs7594794-T
rs1342062	Peak expiratory flow	SLC26A9 - RAB7B	18.19	6e-74	rs1342062-T
rs8137282	Ascending aorta maximum area (MTAG)	CCDC134	18.18	3e-08	rs8137282-C
rs1370938	Whole amygdala volume	MSRB3	18.17	2e-12	rs1370938-A
rs149369377	Complement factor H-related protein 1 levels	CFHR1 - CFHR4	18.153	3e-43	rs149369377-G
rs7238093	Lung function (FVC)	CABLES1	18.15	7e-09	rs7238093-A
rs267738	Estimated glomerular filtration rate (creatinine)	CERS2	18.15	1e-73	rs267738-G
rs2251034	Human milk oligosaccharide concentration (fucodisialyllacto-N-hexaose)	FUT2	18.143	1e-73	rs2251034-A
rs17718831	Cortical surface area	FOXP1	18.133408	1e-09	rs17718831-A
rs55992320	Retinal thickness (functional principal component 4)	SLC16A1, SLC16A1-AS1	18.1187	4e-12	rs55992320-C
rs192543598	Carbamazepine-induced serious cutaneous adverse reaction	POLR1HASP, POLR1HASP	18.11	2e-12	rs192543598-G
rs838145	Human milk oligosaccharide concentration (lacto-N-fucopentaose-I)	IZUMO1	18.104	3e-73	rs838145-A
rs2862954	Aspartate aminotransferase levels	ERLIN1	18.1	3e-73	rs2862954-T
rs8736	Serum alkaline phosphatase levels	MBOAT7	18.1	2e-73	rs8736-T
rs73006822	Cortical surface area	NFIX	18.095583	7e-11	rs73006822-T
rs3862145	Cortical surface area	LINC02915 - THBS1	18.09534	6e-13	rs3862145-T
rs2199936	Urate levels	ABCG2	18.08	1e-75	rs2199936-A
rs2853603	Retinal thickness (functional principal component 3)	HEATR1	18.0743	4e-10	rs2853603-T
rs143421508	Aortic stenosis	OR8A1	18.07	3e-08	rs143421508-G
rs2236519	Lung function (FVC)	EYA2, EYA2-AS1	18.06	4e-08	rs2236519-A
rs445925	Low density lipoprotein cholesterol levels	APOE - APOC1	18.0597	1e-300	rs445925-?
rs4273712	Cortical surface area	YAP1P3 - PRELID1P1	18.053783	6e-23	rs4273712-A
rs17598819	Body composition traits	TRPM7	18.05	1e-08	rs17598819-T
rs56213130	Vertex-wise cortical thickness	LINC02934	18.03	1e-72	rs56213130-C
rs7138102	Energy expenditure	HMGA2	18.0	4e-08	rs7138102-A
rs7703051	LDL cholesterol	ANKRD31 - HMGCR	18.0	1e-08	rs7703051-A
rs2670139	Retinal thickness (functional principal component 3)	DENND1A	17.9946	3e-09	rs2670139-C
rs13146355	Estimated glomerular filtration rate	SHROOM3	17.992	2e-72	rs13146355-G
rs148980760	Response to anti-vascular endothelial growth factor drug in diabetic m	NTM - OPCML	17.98	5e-09	rs148980760-?
rs503279	Human milk oligosaccharide concentration (fucodisialyllacto-N-hexaose)	FUT2	17.972	3e-72	rs503279-T
rs141463285	Lipoprotein(a) levels adjusted for apolipoprotein(a) isoforms	SLC22A3	17.96	3e-15	rs141463285-A
rs4331881	Lung function (FEV1/FVC)	ADAM19	17.958	4e-72	rs4331881-T
rs143421508	Aortic stenosis	OR8A1	17.95	4e-09	rs143421508-G
rs557177457	Treatment or medication use - maxalt 5mg tablet (UKB data field 20003_	NR1H4	17.95	5e-09	rs557177457-A
rs4690522	Aspartate levels	AGA	17.938	6e-72	rs4690522-C
rs72772496	Vertex-wise sulcal depth	GACAT3 - CYRIA	17.93	7e-72	rs72772496-C
rs112350090	Ascending aorta maximum area (MTAG)	FGF3 - ANO1	17.92	1e-15	rs112350090-G
rs4947122	Whole amygdala volume	TRAF3IP2-AS1	17.92	4e-09	rs4947122-T
rs429358	Cerebrospinal fluid amyloid beta 42 levels in APOE e4 carriers	APOE	17.918	9e-72	rs429358-C
rs6138639	Lung function (FEV1)	ZNF337-AS1, ZNF337	17.91	3e-10	rs6138639-C
rs504963	Human milk oligosaccharide concentration (fucodisialyllacto-N-hexaose)	FUT2	17.904	1e-71	rs504963-A
rs58542926	Alanine aminotransferase levels	TM6SF2	17.9	1e-71	rs58542926-T
rs6083799	Serum alkaline phosphatase levels	ABHD12	17.9	1e-71	rs6083799-T
rs12277152	Serum alkaline phosphatase levels	PGGHG - IFITM5	17.9	1e-71	rs12277152-A
rs34859790	Vertex-wise cortical surface area	GMNC - OSTN	17.9	1e-71	rs34859790-T
rs4842266	Vertex-wise cortical surface area	SYT1-AS1 - NOP56P3	17.9	1e-71	rs4842266-G
rs77542827	Aromatic antiseizure medication-induced Stevens-Johnson syndrome or to	FRG1JP, FRG1JP	17.9	1e-08	rs77542827-T
rs58531798	Whole amygdala volume	GMNC - OSTN	17.86	9e-13	rs58531798-G
rs4843227	Node-level brain connectivity (multivariate analysis)	C16orf95	17.846323	3e-71	rs4843227-C
rs17761723	Vertex-wise sulcal depth	SMG6	17.82	5e-71	rs17761723-T
rs112718371	Physical health related quality of life	SCN10A	17.79	5e-08	rs112718371-T
rs72813426	Vertex-wise sulcal depth	SPIRE2	17.78	1e-70	rs72813426-G
rs9435731	Lung function (FEV1/FVC)	MFAP2	17.774	1e-70	rs9435731-A
rs2019727	Complement factor H-related protein 1 levels	CFH	17.771	5e-41	rs2019727-A
rs507666	Soluble ICAM-1	ABO	17.73	5e-29	rs507666-G
rs13012716	Vertex-wise cortical thickness	ACKR3 - COPS8-DT	17.71	4e-70	rs13012716-T
rs687289	Factor VIII levels	ABO	17.7	5e-324	rs687289-?
rs58542926	Serum alkaline phosphatase levels	TM6SF2	17.7	3e-70	rs58542926-C
rs79887363	Moyamoya disease	PDE1C	17.7	5e-08	rs79887363-C
rs838147	Human milk oligosaccharide concentration (2'-fucosyllactose)	IZUMO1	17.676	6e-70	rs838147-A
rs11057793	Lung function (FEV1)	NCOR2 - SCARB1	17.66	5e-08	rs11057793-T
rs708686	Human milk oligosaccharide concentration (difucosyllacto-N-tetrose)	FUT6 - FUT3	17.648	1e-69	rs708686-T
rs62057070	Cortical surface area	LINC02210-CRHR1	17.640184	5e-13	rs62057070-A
rs17376456	Cortical surface area	KIAA0825	17.608273	7e-10	rs17376456-A
rs6834314	Alanine aminotransferase levels	KLHL8 - MIR5705	17.6	5e-69	rs6834314-A
rs12610250	Sphingomyeline C18:0 levels	CERS4	17.595	3e-69	rs12610250-G
rs79272390	Vertex-wise sulcal depth	CIMIP6 - SPTBN1	17.59	3e-69	rs79272390-T
rs55905169	Lung function (FVC)	AGMO	17.57	1e-08	rs55905169-C
rs111412755	Ascending aorta minimum area	FGF3 - ANO1	17.56	3e-08	rs111412755-?
rs221326	Cortical surface area	RPL9P5 - DACT1	17.53651	2e-13	rs221326-T
rs75772549	Protein quantitative trait loci (liver)	UTRN - EPM2A	17.53	1e-09	rs75772549-T
rs6069234	Vertex-wise sulcal depth	KIAA1755	17.52	9e-69	rs6069234-G
rs13070564	Whole amygdala volume	GMNC - OSTN	17.51	4e-14	rs13070564-T
rs6478199	Response to androgen-deprivation therapy in prostate cancer (radiograp	DELEC1 - U2	17.5	5e-08	rs6478199-?
rs2106261	Cardioembolic stroke (MTAG)	ZFHX3	17.48	2e-68	rs2106261-T
rs530280439	Pulse pressure	NDUFA5P6 - LINC00944	17.469	5e-09	rs530280439-C
rs10901814	Vertex-wise cortical thickness	FAM53B	17.45	3e-68	rs10901814-G
rs1158163355	Urinary microalbumin levels	TIMMDC1	17.4491	2e-08	rs1158163355-?
rs10744953	Ascending aorta minimum area	FBN1	17.43	2e-11	rs10744953-?
rs199564443	Anti-thyroid drug induced agranulocytosis	LINC01394	17.42	7e-11	rs199564443-?
rs114102658	Acute anterior uveitis (with or without ankylosing spondylitis)	MICA-AS1	17.4	1e-41	rs114102658-?
rs2183745	Serum alkaline phosphatase levels	ALDOB - TMEM246-AS1	17.4	1e-67	rs2183745-T
rs2284871	Vertex-wise sulcal depth	DPP4	17.4	8e-68	rs2284871-T
rs1355438	Estimated glomerular filtration rate (creatinine)	TFDP2	17.397	9e-68	rs1355438-T
rs998870472	Total cholesterol levels	BGLT3 - HBG1	17.3933	5e-27	rs998870472-?
rs7191242	Retinal thickness (functional principal component 3)	LINC00922 - RNA5SP428	17.3492	4e-09	rs7191242-C
rs1199619380	Retinal thickness (functional principal component 3)	METRNL - RPL23AP87	17.32	2e-10	rs1199619380-A
rs139123090	Age-related hearing impairment	C10orf90	17.32	4e-10	rs139123090-A
rs184005082	Idiopathic sudden sensorineural hearing loss	AARS2 - SPATS1	17.31	3e-10	rs184005082-?
rs4947534	Serine levels	PSPH	17.306	4e-67	rs4947534-C
rs507666	Soluble ICAM-1	ABO	17.3	3e-91	rs507666-A
rs484195	Serum alkaline phosphatase levels	APOC1	17.3	3e-67	rs484195-A
rs13279405	COVID-19 BNT162b1 vaccine 1st dose adverse event (chest pain)	DLC1	17.295	3e-08	rs13279405-T
rs16766	Retinal thickness (functional principal component 4)	PRR16	17.2595	1e-11	rs16766-A
rs816329	Vertex-wise sulcal depth	SLC12A8	17.25	1e-66	rs816329-C
rs651007	E-selectin levels	ABO - Y_RNA	17.23	2e-82	rs651007-T
rs662138	Propionylcarnitine levels	SLC22A1	17.23	2e-66	rs662138-C
rs2768551	Lung function (FEV1/FVC)	ARMC2	17.227	2e-66	rs2768551-A
rs183937294	Microalbuminuria in type 1 diabetes	PLEKHA7	17.22	2e-08	rs183937294-G
rs377614	Retinal thickness (functional principal component 3)	Y_RNA - LSINCT5	17.2152	3e-11	rs377614-G
rs1229984	Alcohol consumption (heavy vs. light/non-drinkers)	ADH1B	17.209	2e-66	rs1229984-C
rs185862045	Pulse pressure	PTPN11P4 - PRDM9	17.2028	3e-39	rs185862045-A
rs558610964	Pulse pressure	LINC00839	17.1975	1e-38	rs558610964-A
rs552305	Cortical surface area	LINC00578	17.187178	4e-10	rs552305-T
rs11152142	Retinal thickness (functional principal component 5)	LMAN1 - CCBE1	17.1864	4e-18	rs11152142-C
rs13108218	Sex hormone-binding globulin levels	HGFAC	17.171	4e-66	rs13108218-?
rs11062932	Whole amygdala volume	PARP11-AS1 - LINC03141	17.17	5e-09	rs11062932-T
rs281379	Human milk oligosaccharide concentration (difucosyllactose)	FUT2 - MAMSTR	17.147	7e-66	rs281379-A
rs7753246	Retinal thickness (functional principal component 4)	UTRN	17.1446	1e-09	rs7753246-A
rs149772317	Clopidogrel active metabolite levels	LMCD1-AS1	17.14	6e-10	rs149772317-A
rs12997266	Vertex-wise sulcal depth	MIR4432HG	17.13	9e-66	rs12997266-A
rs145379818	Complement factor H-related protein 1 levels	KCNT2	17.123	7e-10	rs145379818-T
rs4646623	Vertex-wise sulcal depth	ALDH1A2	17.12	1e-65	rs4646623-T
rs156795	Cortical surface area	LINC02694 - LINC02915	17.1168	8e-12	rs156795-A
rs905124	Cortical surface area	GMNC - OSTN	17.112389	4e-13	rs905124-A
rs7412	Lipoprotein phospholipase A2 activity in cardiovascular disease	APOE	17.11	8e-78	rs7412-T
rs72931748	Ascending aorta maximum area	FGF3 - ANO1	17.11	3e-16	rs72931748-A
rs961322577	Urinary microalbumin levels	RASSF10 - BMAL1	17.0858	1e-09	rs961322577-?
rs524952	Spherical equivalent or myopia (age of diagnosis)	LINC02252 - GJD2	17.075	2e-65	rs524952-A
rs2736373	Cortical surface area	LINC00529	17.071743	5e-10	rs2736373-C
rs6684361	Testosterone levels	PPIAP7 - LINC01307	17.066	3e-65	rs6684361-?
rs62007727	Cortical surface area	LINC02694	17.064638	3e-11	rs62007727-A
rs138607350	Alzheimer's disease or family history of Alzheimer's disease	NECTIN2	17.060017	3e-65	rs138607350-G
rs73685918	Cortical surface area	FERD3L - POLR1F	17.036133	2e-08	rs73685918-A
rs7601767	Vertex-wise cortical surface area	VN1R18P - RN7SKP224	17.01	7e-65	rs7601767-A
rs60159418	Mouth morphology (principal component model)	PCDH7	17.0	1e-09	rs60159418-?
rs1558861	Triglycerides	LINC02702 - BUD13	17.0	2e-26	rs1558861-C
rs142953140	HDL cholesterol	PCSK7	17.0	3e-20	rs142953140-?
rs142953140	HDL cholesterol	PCSK7	17.0	5e-20	rs142953140-?
rs11591147	LDL cholesterol	PCSK9	17.0	3e-59	rs11591147-?
rs79806428	Cardiorespiratory fitness (800m run time)	RNA5SP444 - PRKCA	17.0	4e-08	rs79806428-C
rs174566	Serum alkaline phosphatase levels	FADS2, FADS1	17.0	7e-65	rs174566-G
rs117490883	Pulse pressure	EPC2	16.9998	3e-25	rs117490883-G
rs79701229	Alzheimer's disease or family history of Alzheimer's disease	NECTIN2	16.990263	1e-64	rs79701229-A
rs12046746	Lung function (FVC)	LINC02817 - DUSP10	16.99	1e-09	rs12046746-C
rs2887022	Moyamoya disease	PGAM1P5	16.98	2e-08	rs2887022-G
rs869916	Phenylalanine levels	PAH	16.967	1e-64	rs869916-G
rs11864587	Lung function (FEV1/FVC)	CFDP1	16.955	2e-64	rs11864587-A
rs964184	Triglycerides	ZPR1	16.95	7e-240	rs964184-G
rs7977418	Lung function (forced vital capacity)	CCDC91	16.949	2e-64	rs7977418-T
rs12135881	Systolic blood pressure x smoking status (current vs non-current) inte	AJAP1	16.94	2e-08	rs12135881-C
rs7558687	Retinal thickness (functional principal component 5)	PRORSD1P, CCDC88A	16.934	2e-15	rs7558687-A
rs5029306	Vertex-wise sulcal depth	DPYSL2	16.93	3e-64	rs5029306-T
rs41298373	Vertex-wise sulcal depth	ITIH5	16.92	3e-64	rs41298373-A
rs80138475	Estimated glomerular filtration rate (creatinine)	ARL15	16.916	3e-64	rs80138475-T
rs182549	1,5-anhydroglucitol levels	MCM6	16.91	4e-64	rs182549-C
rs182549	1,5-anhydroglucitol levels	MCM6	16.91	4e-64	rs182549-C
rs819865	Cardiorespiratory fitness (800m run time)	SETP14 - VN2R1P	16.9	9e-09	rs819865-G
rs333947	Aspartate aminotransferase levels	CSF1	16.9	2e-64	rs333947-G
rs117866491	Tyrosine levels	TAT-AS1 - MARVELD3	16.891	5e-64	rs117866491-T
rs28457763	Vertex-wise cortical thickness	PTCH1	16.89	5e-64	rs28457763-A
rs72939920	Octadecanoylcarnitine levels	SLC22A16	16.889	5e-64	rs72939920-A
rs943080	Vertex-wise sulcal depth	LINC02537 - LINC01512	16.88	7e-64	rs943080-T
rs2287921	Human milk oligosaccharide concentration (lacto-N-fucopentaose-II)	RASIP1	16.873	7e-64	rs2287921-T
rs4648739	Severe influenza A (H1N1) infection	CFAP74	16.85	8e-10	rs4648739-?
rs974023	Peak expiratory flow	HAPLN1	16.837	1e-63	rs974023-T
rs2287921	Total concentration of 19 human milk oligosaccharides	RASIP1	16.835	1e-63	rs2287921-T
rs6763422	Retinal thickness (functional principal component 5)	TSC22D2	16.8265	2e-13	rs6763422-T
rs9407640	Lung function (FVC)	RNA5SP279 - SMARCA2	16.82	3e-08	rs9407640-C
rs1737889	Lung function (FEV1)	NOL4L	16.82	4e-08	rs1737889-T
rs77592003	IgG antibody levels in response to SARS-CoV-2 vaccination	BMPR1AP2 - SORL1-AS1	16.82	3e-08	rs77592003-?
rs4334415	Cortical surface area	DAND5 - NFIX	16.81981	8e-09	rs4334415-A
rs116488202	Acute anterior uveitis (with or without ankylosing spondylitis)	RNU6-283P - FGFR3P1	16.8	1e-300	rs116488202-?
rs11716881	Vertex-wise cortical surface area	LINC00578	16.8	2e-63	rs11716881-G
rs838145	Human milk oligosaccharide concentration (lacto-N-fucopentaose-II)	IZUMO1	16.783	3e-63	rs838145-A
rs546308	Human milk oligosaccharide concentration (2'-fucosyllactose)	MAMSTR - RASIP1	16.772	4e-63	rs546308-A
rs55730499	Lipoprotein(a) levels adjusted for apolipoprotein(a) isoforms	LPA	16.77	4e-163	rs55730499-T
rs7030607	Vertex-wise sulcal depth	ASTN2	16.77	4e-63	rs7030607-A
rs78042598	Complement factor H-related protein 1 levels	KCNT2	16.746	5e-09	rs78042598-G
rs17216707	Estimated glomerular filtration rate (creatinine)	BCAS1 - CYP24A1	16.745	6e-63	rs17216707-C
rs838147	Human milk oligosaccharide concentration (Fucose-bound)	IZUMO1	16.742	6e-63	rs838147-A
rs1077989	Phosphatidylcholine acyl-alkyl C36:5 levels	TMEM229B	16.729	8e-63	rs1077989-A
rs1036477	Ascending aorta maximum area	FBN1	16.72	3e-17	rs1036477-A
rs281379	Human milk oligosaccharide concentration (fucodisialyllacto-N-hexaose)	FUT2 - MAMSTR	16.706	1e-62	rs281379-A
rs4835265	Alanine aminotransferase levels	ZNF827	16.7	2e-62	rs4835265-A
rs11601507	Serum alkaline phosphatase levels	TRIM5	16.7	1e-62	rs11601507-A
rs59310546	Protein quantitative trait loci (liver)	RPL31P43 - CHCHD4P2	16.7	8e-10	rs59310546-A
rs35391898	Cortical surface area	LINC02915 - THBS1	16.691702	5e-12	rs35391898-A
rs78837976	Parkinson's disease	MUC12	16.6736	3e-18	rs78837976-C
rs4237643	Lung function (forced vital capacity)	MIR670HG	16.666	4e-08	rs4237643-T
rs141691178	Pulse pressure	EPC2	16.6562	6e-24	rs141691178-G
rs12711473	Edge-level brain connectivity (multivariate analysis)	C16orf95	16.649643	3e-62	rs12711473-A
rs11722643	Response to ustekinumab in psoriasis (improvement)	WDR1 - RAF1P1	16.64	3e-09	rs11722643-?
rs12368809	Vertex-wise cortical surface area	MSRB3	16.63	5e-62	rs12368809-T
rs2282679	Serum 25-Hydroxyvitamin D levels	GC	16.628	4e-63	rs2282679-T
rs4685	Vertex-wise sulcal depth	SF3B1	16.62	5e-62	rs4685-T
rs55745974	Ascending aorta maximum area	CAST, CAST	16.62	4e-42	rs55745974-A
rs12663193	Ascending aorta minimum area	ESR1	16.62	4e-12	rs12663193-?
rs2696606	Edge-level brain connectivity (multivariate analysis)	KANSL1 - MAPK8IP1P1	16.616472	5e-62	rs2696606-T
rs11033898	Cortical surface area	IFTAP - RPL7AP56	16.602968	6e-14	rs11033898-C
rs7983774	Retinal thickness (functional principal component 5)	FLT1	16.586	1e-14	rs7983774-A
rs145241704	Venous thromboembolism	MTND1P3 - MYL6P4	16.58	3e-09	rs145241704-G
rs6546096	Sex hormone-binding globulin levels	SERTAD2	16.567	1e-61	rs6546096-?
rs62348889	Vertex-wise cortical thickness	F11-AS1	16.55	2e-61	rs62348889-T
rs838145	Total concentration of 19 human milk oligosaccharides	IZUMO1	16.549	2e-61	rs838145-A
rs184700722	Cerebrospinal fluid immune biomarker levels	LINC01192	16.515	4e-09	rs184700722-T
rs75853687	Alloimmunization response to red blood cell transfusion in sickle cell	LINC01847	16.5	7e-09	rs75853687-A
rs9533094	Serum alkaline phosphatase levels	LINC02341	16.5	2e-61	rs9533094-G
rs73160022	Moyamoya disease	FLT1 - EIF4A1P7	16.5	1e-08	rs73160022-G
rs11977526	Serum levels of protein IGFBP3	IGFBP3 - FTLP15	16.499	4e-61	rs11977526-A
rs7552404	Decenoylcarnitine levels	SLC44A5 - ACADM	16.482	5e-61	rs7552404-A
rs11591147	LDL cholesterol levels	PCSK9	16.48	7e-52	rs11591147-T
rs1036477	Ascending aorta maximum area (MTAG)	FBN1	16.48	1e-16	rs1036477-A
rs12408663	Vertex-wise sulcal depth	NBL1, MICOS10-NBL1	16.45	8e-61	rs12408663-C
rs12764880	Vertex-wise cortical surface area	EEF1AKMT2 - ABRAXAS2	16.45	8e-61	rs12764880-T
rs4805881	Posterior thigh muscle fat infiltration percentage	PEPD	16.45	9e-61	rs4805881-A
rs11591147	LDL cholesterol levels in current drinkers	PCSK9	16.42	1e-101	rs11591147-T
rs147331823	Cervical dystonia (age at onset)	GABBR2	16.4	3e-09	rs147331823-G
rs118074968	Response to anti-vascular endothelial growth factor drug in diabetic m	COX6A1P3 - TBC1D32	16.4	5e-08	rs118074968-?
rs1420791	Vertex-wise sulcal depth	CEP112	16.38	2e-60	rs1420791-G
rs12722725	Estimated glomerular filtration rate (creatinine)	PPM1J-DT	16.372	3e-60	rs12722725-C
rs11591147	LDL cholesterol levels in current drinkers	PCSK9	16.37	2e-97	rs11591147-T
rs7971039	Lung function (FVC)	LINC02820	16.36	1e-08	rs7971039-A
rs4765807	Vertex-wise sulcal depth	KCNA5 - LINC02443	16.36	4e-60	rs4765807-A
rs117620617	Intraductal papillary mucinous neoplasm (adjusted for cyst)	NUP35P2 - RNA5SP234	16.35	2e-10	rs117620617-T
rs114165349	Sex hormone-binding globulin levels	ARID1A	16.343	5e-60	rs114165349-?
rs72759215	Vertex-wise cortical surface area	NDUFAF2	16.34	5e-60	rs72759215-T
rs270605	Propionylcarnitine levels	MIR3936HG, SLC22A4	16.336	5e-60	rs270605-C
rs838147	Human milk oligosaccharide concentration (lacto-N-fucopentaose-I)	IZUMO1	16.334	6e-60	rs838147-A
rs2287921	Human milk oligosaccharide concentration (difucosyllactose)	RASIP1	16.333	6e-60	rs2287921-T
rs7481951	Creatine kinase levels	ANO5	16.333	6e-60	rs7481951-?
rs67285003	Vertex-wise cortical thickness	CALCRL-AS1, CALCRL	16.33	6e-60	rs67285003-T
rs11079718	Lung function (FEV1)	LINC02210-CRHR1	16.321	7e-60	rs11079718-A
rs7350481	Triglyceride levels	LINC02702 - BUD13	16.32	1e-20	rs7350481-A
rs11509487	Methazolamide-induced Stevens-Johnson syndrome / toxic epidermal necro	MICB	16.32	1e-09	rs11509487-T
rs7296101	Vertex-wise sulcal depth	SOX5	16.31	8e-60	rs7296101-G
rs830233	QT interval (sulfonylurea treatment interaction)	RPL21P59 - RPL7P20	16.3	3e-12	rs830233-?
rs9401907	Cortical surface area	RPS4XP9 - RSPO3	16.282728	1e-15	rs9401907-T
rs2279829	Cortical surface area	ZIC4	16.281336	2e-49	rs2279829-T
rs6658111	Edge-level brain connectivity (multivariate analysis)	RPL21P24 - ATP6V0E1P4	16.280607	1e-59	rs6658111-T
rs67846163	Ascending aorta maximum area	LINC02269	16.28	6e-31	rs67846163-A
rs16539	Moyamoya disease	RPL19 - STAC2	16.27	9e-09	rs16539-G
rs11621792	Sex hormone-binding globulin levels	NYNRIN	16.265	2e-59	rs11621792-?
rs1079572	Lung function (forced vital capacity)	WWOX	16.258	1e-08	rs1079572-G
rs281380	Human milk oligosaccharide concentration (2'-fucosyllactose)	FUT2 - MAMSTR	16.258	2e-59	rs281380-T
rs546308	Human milk oligosaccharide concentration (Fucose-bound)	MAMSTR - RASIP1	16.243	3e-59	rs546308-A
rs55938136	Edge-level brain connectivity (multivariate analysis)	LINC02210-CRHR1	16.240608	3e-59	rs55938136-A
rs4073941	Retinal thickness (functional principal component 5)	RSPO1	16.2361	1e-11	rs4073941-A
rs4337253	Peak expiratory flow	THSD4	16.236	3e-59	rs4337253-C
rs6582442	Vertex-wise sulcal depth	LINC02461 - ADAMTS20	16.23	3e-59	rs6582442-C
rs2076668	Estimated glomerular filtration rate (creatinine)	GGT7	16.226	3e-59	rs2076668-A
rs4264433	Sex hormone-binding globulin levels	KPNB1	16.215	4e-59	rs4264433-?
rs4343	Angiotensin-converting enzyme activity	ACE	16.2	3e-25	rs4343-G
rs10283100	Vertex-wise sulcal depth	ENPP2	16.2	5e-59	rs10283100-A
rs11062102	Estimated glomerular filtration rate (creatinine)	SLC6A13	16.19	6e-59	rs11062102-C
